Algorithm,Avg Dist (km),Avg Time (min),Avg Emission (g),Total Emission (kg)
Shortest Path,1.148776459935559,2.2829584515537698,226.24211423478627,67.87263427043588
Fastest Path,1.2444027468174723,2.05206232758081,238.5576409159447,71.56729227478341
Carbon-Aware,1.1591551784202516,2.1211148402091795,225.44927106904356,67.63478132071307
